site,account,displayname,password,group,permdisplay,permlogin,externalid,alias,permpassword,longschoolname,shortschoolname,countrycode
3,team1,team1,team1,Group Thing One,true,true,3001,,false,,,XXX
3,team2,team2,team2,Group Thing One,true,true,3002,,false,,,XXX
3,team3,team3,team3,Group Thing One,true,true,3003,,false,,,XXX
3,team4,team4,team4,Group Thing One,true,true,3004,,false,,,XXX
3,team5,team5,team5,Group Thing One,true,true,3005,,false,,,XXX
3,team6,team6,team6,Group Thing One,true,true,3006,,false,,,XXX
3,team7,team7,team7,Group Thing One,true,true,3007,,false,,,XXX
3,team8,team8,team8,Group Thing One,true,true,3008,,false,,,XXX
3,team9,team9,team9,Group Thing One,true,true,3009,,false,,,XXX
3,team10,team10,team10,Group Thing One,true,true,3010,,false,,,XXX
3,team11,team11,team11,Group Thing One,true,true,3011,,false,,,XXX
3,team12,team12,team12,Group Thing One,true,true,3012,,false,,,XXX
3,team13,team13,team13,Group Thing One,true,true,3013,,false,,,XXX
3,team14,team14,team14,Group Thing One,true,true,3014,,false,,,XXX
3,team15,team15,team15,Group Thing One,true,true,3015,,false,,,XXX
3,team16,team16,team16,Group Thing One,true,true,3016,,false,,,XXX
3,team17,team17,team17,Group Thing One,true,true,3017,,false,,,XXX
3,team18,team18,team18,Group Thing One,true,true,3018,,false,,,XXX
3,team19,team19,team19,Group Thing One,true,true,3019,,false,,,XXX
3,team20,team20,team20,Group Thing One,true,true,3020,,false,,,XXX
3,team21,team21,team21,Group Thing One,true,true,3021,,false,,,XXX
3,team22,team22,team22,Group Thing One,true,true,3022,,false,,,XXX
3,team23,team23,team23,Group Thing One,true,true,3023,,false,,,XXX
3,team24,team24,team24,Group Thing One,true,true,3024,,false,,,XXX
3,team25,team25,team25,Group Thing One,true,true,3025,,false,,,XXX
3,team26,team26,team26,Group Thing One,true,true,3026,,false,,,XXX
3,team27,team27,team27,Group Thing One,true,true,3027,,false,,,XXX
3,team28,team28,team28,Group Thing One,true,true,3028,,false,,,XXX
3,team29,team29,team29,Group Thing One,true,true,3029,,false,,,XXX
3,team30,team30,team30,Group Thing One,true,true,3030,,false,,,XXX
3,team31,team31,team31,Group Thing One,true,true,3031,,false,,,XXX
3,team32,team32,team32,Group Thing One,true,true,3032,,false,,,XXX
3,team33,team33,team33,Group Thing One,true,true,3033,,false,,,XXX
3,team34,team34,team34,Group Thing One,true,true,3034,,false,,,XXX
3,team35,team35,team35,Group Thing One,true,true,3035,,false,,,XXX
3,team36,team36,team36,Group Thing One,true,true,3036,,false,,,XXX
3,team37,team37,team37,Group Thing One,true,true,3037,,false,,,XXX
3,team38,team38,team38,Group Thing One,true,true,3038,,false,,,XXX
3,team39,team39,team39,Group Thing One,true,true,3039,,false,,,XXX
3,team40,team40,team40,Group Thing One,true,true,3040,,false,,,XXX
3,team41,team41,team41,Group Thing One,true,true,3041,,false,,,XXX
3,team42,team42,team42,Group Thing One,true,true,3042,,false,,,XXX
3,team43,team43,team43,Group Thing One,true,true,3043,,false,,,XXX
3,team44,team44,team44,Group Thing One,true,true,3044,,false,,,XXX
3,team45,team45,team45,Group Thing One,true,true,3045,,false,,,XXX
3,team46,team46,team46,Group Thing One,true,true,3046,,false,,,XXX
3,team47,team47,team47,Group Thing One,true,true,3047,,false,,,XXX
3,team48,team48,team48,Group Thing One,true,true,3048,,false,,,XXX
3,team49,team49,team49,Group Thing One,true,true,3049,,false,,,XXX
3,team50,team50,team50,Group Thing One,true,true,3050,,false,,,XXX
3,team51,team51,team51,Group Thing One,true,true,3051,,false,,,XXX
3,team52,team52,team52,Group Thing One,true,true,3052,,false,,,XXX
3,team53,team53,team53,Group Thing One,true,true,3053,,false,,,XXX
3,team54,team54,team54,Group Thing One,true,true,3054,,false,,,XXX
3,team55,team55,team55,Group Thing One,true,true,3055,,false,,,XXX
3,team56,team56,team56,Group Thing One,true,true,3056,,false,,,XXX
3,team57,team57,team57,Group Thing One,true,true,3057,,false,,,XXX
3,team58,team58,team58,Group Thing One,true,true,3058,,false,,,XXX
3,team59,team59,team59,Group Thing One,true,true,3059,,false,,,XXX
3,team60,team60,team60,Group Thing One,true,true,3060,,false,,,XXX
3,team61,team61,team61,Group Thing Two,true,true,3061,,false,,,XXX
3,team62,team62,team62,Group Thing Two,true,true,3062,,false,,,XXX
3,team63,team63,team63,Group Thing Two,true,true,3063,,false,,,XXX
3,team64,team64,team64,Group Thing Two,true,true,3064,,false,,,XXX
3,team65,team65,team65,Group Thing Two,true,true,3065,,false,,,XXX
3,team66,team66,team66,Group Thing Two,true,true,3066,,false,,,XXX
3,team67,team67,team67,Group Thing Two,true,true,3067,,false,,,XXX
3,team68,team68,team68,Group Thing Two,true,true,3068,,false,,,XXX
3,team69,team69,team69,Group Thing Two,true,true,3069,,false,,,XXX
3,team70,team70,team70,Group Thing Two,true,true,3070,,false,,,XXX
3,team71,team71,team71,Group Thing Two,true,true,3071,,false,,,XXX
3,team72,team72,team72,Group Thing Two,true,true,3072,,false,,,XXX
3,team73,team73,team73,Group Thing Two,true,true,3073,,false,,,XXX
3,team74,team74,team74,Group Thing Two,true,true,3074,,false,,,XXX
3,team75,team75,team75,Group Thing Two,true,true,3075,,false,,,XXX
3,team76,team76,team76,Group Thing Two,true,true,3076,,false,,,XXX
3,team77,team77,team77,Group Thing Two,true,true,3077,,false,,,XXX
3,team78,team78,team78,Group Thing Two,true,true,3078,,false,,,XXX
3,team79,team79,team79,Group Thing Two,true,true,3079,,false,,,XXX
3,team80,team80,team80,Group Thing Two,true,true,3080,,false,,,XXX
3,team81,team81,team81,Group Thing Two,true,true,3081,,false,,,XXX
3,team82,team82,team82,Group Thing Two,true,true,3082,,false,,,XXX
3,team83,team83,team83,Group Thing Two,true,true,3083,,false,,,XXX
3,team84,team84,team84,Group Thing Two,true,true,3084,,false,,,XXX
3,team85,team85,team85,Group Thing Two,true,true,3085,,false,,,XXX
3,team86,team86,team86,Group Thing Two,true,true,3086,,false,,,XXX
3,team87,team87,team87,Group Thing Two,true,true,3087,,false,,,XXX
3,team88,team88,team88,Group Thing Two,true,true,3088,,false,,,XXX
3,team89,team89,team89,Group Thing Two,true,true,3089,,false,,,XXX
3,team90,team90,team90,Group Thing Two,true,true,3090,,false,,,XXX
3,team91,team91,team91,Group Thing Two,true,true,3091,,false,,,XXX
3,team92,team92,team92,Group Thing Two,true,true,3092,,false,,,XXX
3,team93,team93,team93,Group Thing Two,true,true,3093,,false,,,XXX
3,team94,team94,team94,Group Thing Two,true,true,3094,,false,,,XXX
3,team95,team95,team95,Group Thing Two,true,true,3095,,false,,,XXX
3,team96,team96,team96,Group Thing Two,true,true,3096,,false,,,XXX
3,team97,team97,team97,Group Thing Two,true,true,3097,,false,,,XXX
3,team98,team98,team98,Group Thing Two,true,true,3098,,false,,,XXX
3,team99,team99,team99,Group Thing Two,true,true,3099,,false,,,XXX
3,team100,team100,team100,Group Thing Two,true,true,3100,,false,,,XXX
3,team101,team101,team101,Group Thing Two,true,true,3101,,false,,,XXX
3,team102,team102,team102,Group Thing Two,true,true,3102,,false,,,XXX
3,team103,team103,team103,Group Thing Two,true,true,3103,,false,,,XXX
3,team104,team104,team104,Group Thing Two,true,true,3104,,false,,,XXX
3,team105,team105,team105,Group Thing Two,true,true,3105,,false,,,XXX
3,team106,team106,team106,Group Thing Two,true,true,3106,,false,,,XXX
3,team107,team107,team107,Group Thing Two,true,true,3107,,false,,,XXX
3,team108,team108,team108,Group Thing Two,true,true,3108,,false,,,XXX
3,team109,team109,team109,Group Thing Two,true,true,3109,,false,,,XXX
3,team110,team110,team110,Group Thing Two,true,true,3110,,false,,,XXX
3,team111,team111,team111,Group Thing Two,true,true,3111,,false,,,XXX
3,team112,team112,team112,Group Thing Two,true,true,3112,,false,,,XXX
3,team113,team113,team113,Group Thing Two,true,true,3113,,false,,,XXX
3,team114,team114,team114,Group Thing Two,true,true,3114,,false,,,XXX
3,team115,team115,team115,Group Thing Two,true,true,3115,,false,,,XXX
3,team116,team116,team116,Group Thing Two,true,true,3116,,false,,,XXX
3,team117,team117,team117,Group Thing Two,true,true,3117,,false,,,XXX
3,team118,team118,team118,Group Thing Two,true,true,3118,,false,,,XXX
3,team119,team119,team119,Group Thing Two,true,true,3119,,false,,,XXX
3,team120,team120,team120,,true,true,3120,,false,,,XXX
